投稿タイプ,投稿日時,投稿日,投稿時間帯,曜日,いいね数,コメント数,保存数,リーチ数,インプレッション数,キャプション,ハッシュタグ,メディアタイプ,投稿URL,メディアID,再生数,キャプション文字数,ハッシュタグ数
競合_lovehealermagic,2026-01-22 19:33,2026-01-22,19:33,木曜日,9,29,,,,"優しさを続けるほど、ないがしろにされる側に回りやすくなります。

尽くせば尽くすほど愛されると思っているなら、その思い込みがあなた自身を安売りさせてしまうんですね。

既読無視や音信不通に耐えながら、家事も仕事も育児も回して、心だけが置き去りになっていませんか。

それでも復縁を願うほど、男性心理は「この人は待ってくれる」と学習しやすくなります。

複雑愛や年下彼氏や婚外恋愛でも、ここは同じです。

境界線を引けないままだと、少しずつ都合のいい存在へと変わっていきやすいんです。

今日の鍵は、優しさを減らすことではありません😌

優しさの向け先を、まず自分に戻してあげることです🍀

この動画を、お守りとして保存しておいてくださいね🕊️

不安な夜に見返すだけで行動がぶれにくくなり、関係の主導権も少しずつ戻っていきます✨

#タロット #占い #恋愛",#タロット #占い #恋愛,動画,https://www.instagram.com/p/DTz0tybiVjM/,DTz0tybiVjM,,379,3
競合_lovehealermagic,2026-01-21 19:53,2026-01-21,19:53,水曜日,15,110,,,,"自分は「ツイてる人」なのか、「なんだか間が悪い人」なのか。

それを分けるのは、実はちょっとした心のクセかもしれません😌

今回の心理テストでは、あなたの強運度をズバリ診断していきますね🔮

日常の中でふと感じる「運がいい」「なんかツイてない」――その感覚の正体は、無意識の視点の向け方にあらわれています🍀

運のいい人が、いつもラッキーな出来事ばかりに恵まれているわけではありません。

どんな出来事の中にも、自分なりの意味や価値を見いだせるかどうか。

そこに、人生の流れを変えるヒントがそっと隠れているんです✨

このテストを通して、自分がどんな視点で世界を見ているのかに気づけると、運を味方につけることも不可能ではありません🌙

診断結果は、当たり感と意外性の両方を大切にしながら設計しています😊

「本当の気持ち」にふと気づけたり、

「そういえば私、こういうとこあるな」と思えたりしたら、

ぜひ保存して、あとで見返してみてくださいね🕊️

そのたびに、あなたの中の整う感覚が静かに戻ってくると思います🌸

#心理テスト #強運診断 #性格診断 #深層心理 #自己理解 #直感力 #無意識の選択 #心の癖 #2026年運勢 #今の自分 #心の状態 #メンタルケア #人間関係の悩み #自分を知る #本当の気持ち #保存推奨 #開運習慣 #運を引き寄せる #マインドフルネス #感情コントロール #2026冬",#心理テスト #強運診断 #性格診断 #深層心理 #自己理解 #直感力 #無意識の選択 #心の癖 #2026年運勢 #今の自分 #心の状態 #メンタルケア #人間関係の悩み #自分を知る #本当の気持ち #保存推奨 #開運習慣 #運を引き寄せる #マインドフルネス #感情コントロール #2026冬,動画,https://www.instagram.com/p/DTxSNYtju8g/,DTxSNYtju8g,,609,21
競合_lovehealermagic,2026-01-20 19:45,2026-01-20,19:45,火曜日,15,62,,,,"返事が遅いだけで、あなたの心が少しずつ削れていくように感じる夜もありますよね😌

そんなふうに揺れてしまうのは、あなたがそれだけ大切にしてきた証でもあります🍀

仕事や家事や育児の顔を保ったまま、恋愛の不安だけがこぼれてしまうこともあると思います

誰にも見せずに抱えてきた分、ふっと夜に出てきてしまうんですよね😌

片思いみたいに待つ時間が増えるほど、自己肯定感が小さくなってしまう感覚も、よく分かります

でもその気持ちは、あなたの価値が下がったサインではありません🕊️

音信不通に近い沈黙が続いても、それをあなたのせいだと結論づけなくて大丈夫です

あなたが悪いから起きている、と決めなくていいんですよ😌

今夜は相手を動かすことより、あなたの呼吸と睡眠を守る選び方をしてみてください🌙

心が落ち着いたときの短い一言が、関係の温度をそっと変えることもあります✨

焦りが強いほど言葉は重くなりやすいので、やさしい温度のままで十分です🍀

今つらくなくても、ふとした夜にまた読み返せるように、そっと残しておいてくださいね📌

心が限界に近づいたときに、自分を責め過ぎないためのお守りとして取っておくのもいいと思います🕊️

当てはまった部分だけでも、心の中でそっと認めてみてください😌

もし言葉にできそうなら、忘れたくない一文だけを、静かに残しておくのも良さそうです🌸

#恋愛占い #占い #オラクルカード #恋愛 #片思い #インスタ動画 #30代恋愛 #40代恋愛 #恋愛不安 #自己肯定感 #共依存 #恋愛心理 #返信遅い #連絡こない #既読無視 #音信不通 #追いライン #不安な夜 #冬の恋 #新年の恋 #寒い夜",#恋愛占い #占い #オラクルカード #恋愛 #片思い #インスタ動画 #30代恋愛 #40代恋愛 #恋愛不安 #自己肯定感 #共依存 #恋愛心理 #返信遅い #連絡こない #既読無視 #音信不通 #追いライン #不安な夜 #冬の恋 #新年の恋 #寒い夜,動画,https://www.instagram.com/p/DTusgFbjMOl/,DTusgFbjMOl,,718,21
競合_lovehealermagic,2026-01-19 19:38,2026-01-19,19:38,月曜日,13,62,,,,"彼の本心が分からなくて、もう一度だけ信じたい夜に🌙

連絡の間が空くほど、不安がふくらんでしまうことってありますよね😌

そう感じてしまうのも、決して不自然なことではありません

それでもあなたは、仕事や家のことを回しながら、彼のことも大事にしてきた人です🍀

片思いみたいに感じる日も、音信不通みたいに沈んでしまう日も、あなたの価値が下がったわけではありません

ここまで本当によく頑張ってこられましたね😌

大切なのは、追いかけるか切るかの二択にしないことです

自分の呼吸を整えて、今の生活を守りながら、彼との距離を少しずつ育て直していきましょうね🕊️

その小さな選び直しが、溺愛される流れの入口になります✨

あなたがあなた自身を大切にするほど、恋の形も整いやすくなっていきます🌸

当てはまった部分だけ、心の中でそっと認めてみてください😊

いきなり完璧を目指さなくて大丈夫ですよ🍀

未来の自分を守るお守りとして、保存して残しておいてくださいね🌙

必要なときに読み返すたび、あなたの軸がふっと戻ってくるはずです💫

#恋愛 #恋愛運 #タロット #占い #恋愛占い #片思い #彼の本心 #溺愛 #音信不通 #不安 #自己肯定感 #復縁 #既読無視 #連絡減った #曖昧な関係 #大人の恋 #追いかけない #自分軸 #2026恋愛 #女磨き #恋のヒント",#恋愛 #恋愛運 #タロット #占い #恋愛占い #片思い #彼の本心 #溺愛 #音信不通 #不安 #自己肯定感 #復縁 #既読無視 #連絡減った #曖昧な関係 #大人の恋 #追いかけない #自分軸 #2026恋愛 #女磨き #恋のヒント,動画,https://www.instagram.com/p/DTsG6sHklJL/,DTsG6sHklJL,,585,21
競合_lovehealermagic,2026-01-18 19:51,2026-01-18,19:51,日曜日,15,84,,,,"深層心理の性格診断は、恋愛の答え合わせというより、今の自分をいたわる地図みたいなものです😌

直感で選んだ場所には、無意識の安心ポイントがそのまま出やすいんですね🕊️

最近なぜか疲れやすい、距離感が難しい、人間関係で気を使いすぎる。

そんな心の癖は、頑張り屋のあなたほど見えにくいことがあります🍀

この心理テストで、本当の気持ちを少しだけ言葉にして、自己理解を進めてみてくださいね🌙

うまく甘えられない日があっても、それは愛が足りないのではなく、回復が必要なサインなのかもしれません😌

今の自分に合う関わり方が分かると、相手に求める前に自分を満たす選択も増えていきます✨

あとで見返せるように、保存しておくのもおすすめです📌

気持ちが揺れた日に読み直すと、心がすっと戻りやすくなりますよ🕊️

#深層心理 #性格診断 #心理テスト #直感 #無意識 #自己理解 #人間関係 #心の癖 #今の自分 #本当の気持ち #大人恋愛 #自己肯定感 #心の疲れ #仕事と家庭 #距離感 #甘え方 #恋愛心理 #30代女性 #40代女性 #2026冬 #冬のセルフケア",#深層心理 #性格診断 #心理テスト #直感 #無意識 #自己理解 #人間関係 #心の癖 #今の自分 #本当の気持ち #大人恋愛 #自己肯定感 #心の疲れ #仕事と家庭 #距離感 #甘え方 #恋愛心理 #30代女性 #40代女性 #2026冬 #冬のセルフケア,動画,https://www.instagram.com/p/DTpjnAXCoa6/,DTpjnAXCoa6,,484,21
競合_lovehealermagic,2026-01-17 19:41,2026-01-17,19:41,土曜日,16,80,,,,"頑張っているのに報われない恋で、自分の心だけ置き去りにしていないか、ふと立ち止まってみてくださいね😌

仕事と家事と育児を回してから、恋の不安まで抱える夜は、息が浅くなりやすいものです。

返信や態度を追いかけるほど、自己肯定感が静かに削れていくこともあります。

今日ここまでやった自分を、ひとつだけでいいので認めてあげてください🍀

片思いでも、曖昧な関係でも、あなたの疲れは消えないまま積もっていきます。

安心は相手の反応だけで作るものではなく、あなたの回復から育っていくんです🕊️

無理をしない距離感を選べた日は、恋の形も少しずつ変わっていきます🌙

今つらくなくても、ふとした夜にまた読み返せるように、そっと残しておくのもいいですね✨

もし言葉にできそうなら、忘れたくない一文だけを、心の中にそっと置いてあげても大丈夫です😊

#恋愛占い #占い #オラクルカード #インスタリール #恋愛相談 #スピリチュアル #30代恋愛 #40代恋愛 #自己肯定感 #恋愛不安 #共依存 #ワンオペ育児 #返信こない #会えない恋 #疲れた心 #尽くしすぎ #恋愛でしんどい #家事育児しんどい #冬の夜 #新年リセット #寒い夜",#恋愛占い #占い #オラクルカード #インスタリール #恋愛相談 #スピリチュアル #30代恋愛 #40代恋愛 #自己肯定感 #恋愛不安 #共依存 #ワンオペ育児 #返信こない #会えない恋 #疲れた心 #尽くしすぎ #恋愛でしんどい #家事育児しんどい #冬の夜 #新年リセット #寒い夜,動画,https://www.instagram.com/p/DTm9qLKjffE/,DTm9qLKjffE,,518,21
競合_lovehealermagic,2026-01-16 19:34,2026-01-16,19:34,金曜日,13,50,,,,"彼の本心が分からなくて、追いかけてしまう夜こそ、溺愛に変わっていくきっかけになることがあります😌

返信の間に不安がふくらんで、通知音だけで心が揺れてしまうこともありますよね。

それでも仕事や家のことを回して、笑って過ごしているあなたは、十分に頑張っています🍀

この恋が動き出す合図は、彼を追う努力を増やすことよりも、あなたの軸を少し取り戻していくことです🌙

「寂しい」という気持ちは、素直に認めていいんですよ😌

そして同時に、あなたの予定と気持ちも、大事にしていいんです🕊️

溺愛は、我慢でつなぐ関係より、安心して受け取れる関係の中で育っていきます✨

片思いみたいに感じる日があっても、音信不通が怖い日があっても、自分を責めすぎなくて大丈夫です。

自己肯定感をひとつ守れた分だけ、彼の態度も静かに変わっていきますよ🍀

未来の自分を守るお守りとして、そっと保存しておくのもおすすめです📌

当てはまったところだけでいいので、心の中でそっと認めてあげてくださいね🌸

#恋愛 #恋愛占い #タロット占い #片思い #復縁 #恋愛心理 #彼の本心 #溺愛 #連絡不安 #音信不通 #自己肯定感 #曖昧な関係 #既読スルー #返信遅い #追いかける恋 #追わない女 #安心感 #恋の駆け引き #自己愛 #メンタルケア #大人の恋",#恋愛 #恋愛占い #タロット占い #片思い #復縁 #恋愛心理 #彼の本心 #溺愛 #連絡不安 #音信不通 #自己肯定感 #曖昧な関係 #既読スルー #返信遅い #追いかける恋 #追わない女 #安心感 #恋の駆け引き #自己愛 #メンタルケア #大人の恋,動画,https://www.instagram.com/p/DTkX_cWCLC0/,DTkX_cWCLC0,,569,21
競合_lovehealermagic,2026-01-15 19:52,2026-01-15,19:52,木曜日,16,131,,,,"あなたの「優しさ」は、どんなかたちをしていますか？✨

今回は心理テストとして、図形の見え方から、あなたがどんな優しさを持っているのかを深層心理レベルでやさしく読み解いていきますね🔮

ふだん当たり前にしていることの中にこそ、本当の性格や心の癖がそっと表れやすいものです😌

感情に寄り添える繊細な優しさがあります🌸

相手の疲れを癒やす、空気のような優しさもあります🕊️

ときに厳しさを伴う、本気の優しさもあります✨

そして、場を明るくするエネルギッシュな優しさもあります🌈

人それぞれ、優しさのかたちは違います😊

直感で選んだ答えには、今の自分を知るヒントがたくさん隠れているかもしれません🌙

この診断では、自分の中の優しさに気づくだけでなく、どんなときにそれが疲れやすくなるのか、どんなふうに整えていけばいいのかも含めて、やさしくアドバイスしています🍀

「なんだか最近、気を使いすぎてるかも」と感じるときがありますよね😌

「人間関係でちょっと疲れやすい…」と感じる日もあると思います🫧

そんなふうに感じている方にこそ、ぜひ試してほしい深層心理テストです✨

本当の気持ちに気づきたいあなたに、そっと寄り添うきっかけになりますように🌸

今の自分を見つめる小さなきっかけとして、ぜひ保存して、あとでゆっくりやってみてくださいね🌙

自己理解が深まれば、優しさの使い方も少しずつ変わっていきます😊

#深層心理 #性格診断 #直感 #無意識 #自己理解 #人間関係 #心の癖 #今の自分 #本当の気持ち #保存推奨 #心理テスト #優しさ診断 #気遣い疲れ #癒し力 #人に寄り添う #共感力 #繊細さん #大人の心理テスト #自分らしさ #2026年 #冬の心理テスト #心のメンテナンス",#深層心理 #性格診断 #直感 #無意識 #自己理解 #人間関係 #心の癖 #今の自分 #本当の気持ち #保存推奨 #心理テスト #優しさ診断 #気遣い疲れ #癒し力 #人に寄り添う #共感力 #繊細さん #大人の心理テスト #自分らしさ #2026年 #冬の心理テスト #心のメンテナンス,動画,https://www.instagram.com/p/DTh1Up_k6no/,DTh1Up_k6no,,754,22
競合_lovehealermagic,2026-01-14 19:55,2026-01-14,19:55,水曜日,14,54,,,,"返事が来ない夜ほど、ふと自分の価値まで薄くなった気がしてしまうことってありますよね。

呼吸が浅いまま、スマホをぎゅっと握りしめていないでしょうか。

追うほど遠く感じるのは、あなたの愛が弱いからではありません。

心と体が、そろそろ限界だよとサインを出しているだけかもしれません。

まずは、追いかける手をいったん止めてみましょう。

4つ吸って、6つ吐く呼吸に戻ってくださいね🕊️

その静けさが、自己肯定感を少しずつ立て直していきます。

恋愛の流れも、ほどよい距離へと静かに戻っていきます🍀

今つらくなくても、ふとした夜に読み返せるように残しておいてくださいね🌙

もし言葉にできそうなら、忘れたくない一文だけを、そっとコメントに残しても大丈夫です✨

#恋愛占い #占い #オラクルカード #インスタリール #恋愛 #片思い #30代恋愛 #40代恋愛 #恋愛不安 #自己肯定感 #共依存 #心を整える #連絡こない #返信待ち #追いLINE #音信不通つらい #不安で眠れない #追うのをやめたい #冬の夜 #新年の自分磨き #2026の恋",#恋愛占い #占い #オラクルカード #インスタリール #恋愛 #片思い #30代恋愛 #40代恋愛 #恋愛不安 #自己肯定感 #共依存 #心を整える #連絡こない #返信待ち #追いLINE #音信不通つらい #不安で眠れない #追うのをやめたい #冬の夜 #新年の自分磨き #2026の恋,動画,https://www.instagram.com/p/DTfQzXjkyfl/,DTfQzXjkyfl,,478,21
競合_lovehealermagic,2026-01-13 19:45,2026-01-13,19:45,火曜日,20,91,,,,"彼の本心が分からなくて、つい追いかけてしまうのに、本当は溺愛されたい夜ってありますよね。

そう感じてしまうのも、無理はないと思います😌

返信の間が少し空くだけで胸がざわついて、仕事も家のことも手につかなくなることがあります。

そんな自分を「重いのかな」と責めてしまって、優しくしようとするほど不安が増えていくんですよね。

ここまで一生懸命向き合ってきたからこそ、心が敏感になっているのだと思います🕊️

でもね。

愛される流れって、頑張りを足した瞬間というより、あなたが自分の軸を少し取り戻した瞬間に切り替わっていきます✨

彼の気分に合わせる癖をそっとゆるめて、こちらの都合を1つだけ大事にしてみてください🍀

それだけで彼の中の本能が動いて、追われる側だった関係が静かに逆転していきます🌙

この動画は、恋愛の答え合わせではなくて、あなたの心を守るためのヒントです😌

当てはまったところだけでいいので、心の中でそっと認めてあげてくださいね🌼

未来のあなたを守るお守りとして、保存しておくのも良さそうです✨

あなたのペースを大事にしながら、少しずつ整えていきましょうね😊

#恋愛 #恋愛占い #タロット #タロット占い #復縁 #片思い #彼の本心 #溺愛 #連絡こない #音信不通 #不安 #自己肯定感 #既読スルー #既読遅い #曖昧な関係 #追いかける恋 #大人の恋 #アラフォー恋愛 #リール占い #恋愛心理 #引き寄せ",#恋愛 #恋愛占い #タロット #タロット占い #復縁 #片思い #彼の本心 #溺愛 #連絡こない #音信不通 #不安 #自己肯定感 #既読スルー #既読遅い #曖昧な関係 #追いかける恋 #大人の恋 #アラフォー恋愛 #リール占い #恋愛心理 #引き寄せ,動画,https://www.instagram.com/p/DTcq5G2kWCV/,DTcq5G2kWCV,,624,21
競合_lovehealermagic,2026-01-12 19:51,2026-01-12,19:51,月曜日,32,230,,,,"あなたは、他人からどう思われたいと感じているでしょうか😌

私たちは無意識のうちに、「こう見られたい」という理想の自分像を抱えていることがあります。

それが今の人間関係や、生きづらさの正体になっているのかもしれません🕊️

この心理テストでは、たった1枚の図形を見て「何に見えるか」を選ぶだけで、あなたが周囲にどう見られたいと思っているのかが、そっと浮かび上がってきます🔮

見られたい自分と、本当のあなたの間にあるギャップに気づけたとき、心が少し楽になることもあるんです🍀

どうか直感で答えてみてくださいね🌙

今の自分に必要なヒントが、静かに見つかるかもしれません✨

心の癖を知ることは、自己理解への小さな一歩になります😊

「深層心理」「性格診断」「無意識の願望」は、言葉にしづらいけれど、たしかに私たちの中に息づいています😌

この心理テストを通して、自分の中の本当の気持ちに気づいてみませんか🕊️

保存もおすすめです🍀

ふと心が疲れたときに、もう一度見返してみてくださいね🌸

#深層心理 #性格診断 #直感 #無意識 #自己理解 #人間関係 #心理テスト #心の癖 #今の自分 #本当の気持ち #保存推奨 #自分らしく生きる #心を整える #気づき #癒しの時間 #大人の心理テスト #心のバランス #自己肯定感 #30代女性 #2026年心理テスト #冬の心理テスト",#深層心理 #性格診断 #直感 #無意識 #自己理解 #人間関係 #心理テスト #心の癖 #今の自分 #本当の気持ち #保存推奨 #自分らしく生きる #心を整える #気づき #癒しの時間 #大人の心理テスト #心のバランス #自己肯定感 #30代女性 #2026年心理テスト #冬の心理テスト,動画,https://www.instagram.com/p/DTaG0xljJmj/,DTaG0xljJmj,,595,21
競合_lovehealermagic,2026-01-11 19:42,2026-01-11,19:42,日曜日,13,84,,,,"音信不通の沈黙に、心だけが置き去りになっていないか、そっと確かめたくなります。

返事が来ない理由を探すほど、不安がふくらんで自己肯定感が削れていくことがあります。

仕事の顔で踏ん張って、家事や育児も回して、それでも夜にだけ恋愛の痛みが押し寄せる日もありますよね。

沈黙は、あなたの価値を決める判定ではありません😌

ただ、これ以上追いかけると苦しくなるという合図かもしれない、と受け止めてみてくださいね。

スマホを見る回数を決めて、呼吸を深く戻す時間を少し増やしてみるのも良さそうです🕊️

言葉にできない想いは、まず自分のために書いてあげましょう🍀

今いちばん怖いことと、本当はどう扱われたいかを、短くメモに残してみてください。

それだけで、揺れの中心が相手からあなたへ、静かに戻ってきます✨

今つらくなくても、ふとした夜に読み返せるように保存しておいてくださいね🌙

当てはまった一文だけでも、心の中でそっと認めてあげてください😊

もし言葉にできそうなら、忘れたくない一文だけを静かに残しても大丈夫です🌸

今日のあなたが少し楽になる選び直しは、ここから始まっていきます💫

#恋愛占い #占い #オラクルカード #インスタリール #恋愛 #片思い #音信不通 #恋愛不安 #自己肯定感 #30代恋愛 #40代恋愛 #共依存 #連絡こない #既読つかない #返信待ち #曖昧な関係 #不安で眠れない #追いかけてしまう #冬の夜 #年始 #心のメンテナンス",#恋愛占い #占い #オラクルカード #インスタリール #恋愛 #片思い #音信不通 #恋愛不安 #自己肯定感 #30代恋愛 #40代恋愛 #共依存 #連絡こない #既読つかない #返信待ち #曖昧な関係 #不安で眠れない #追いかけてしまう #冬の夜 #年始 #心のメンテナンス,動画,https://www.instagram.com/p/DTXhAJmAbxM/,DTXhAJmAbxM,,638,21
競合_lovehealermagic,2026-01-10 19:30,2026-01-10,19:30,土曜日,19,99,,,,"ふと胸に浮かぶ「相手を優先しすぎていないかな」という問いは、とても大切なサインですよ🌙

好きなはずなのに、苦しさの方が勝ってしまう夜があるのですね。

それはあなたが弱いからではなく、心が「そろそろ休ませて」と伝えている合図かもしれません😌

恋愛は、相手の気持ちを当て続けようとするほど、不安がふくらみやすいものです。

既読や返信の早さに意識が吸い寄せられると、頭の中が最悪の想像で空白を埋めようとしてしまいます。

そうやって気を張るたびに自己肯定感が少しずつ削れて、仕事や家事や育児の疲れまで一緒に重くなってしまうこともあります。

だからこそ、ここまで頑張ってきたご自身をまずは労わってあげてくださいね🕊️

動画を見終えたあなたが、少しでも自分の呼吸を取り戻せますように🍀

今の気持ちを否定せずに、「本当はどうしたい」を小さく拾い直してみるのが良さそうです✨

相手の機嫌や反応だけではなく、ご自身の気持ちや境界線も同じくらい大事にしていきましょうね⚖️

それだけで、執着の輪郭は少しずつほどけていきます💫

今つらくなくても、ふとした夜にまた読み返せるように、そっと残しておいてくださいね🌸

言葉にできそうなときは、覚えておきたい一文だけ拾って、心の中でそっと認めてあげてください😊

今回の言葉が、あなたが自分を取り戻すための小さな灯りになりますように🌈

#恋愛占い #占い #タロット #タロット占い #インスタリール #恋愛 #30代恋愛 #40代恋愛 #恋愛不安 #自己肯定感 #共依存 #執着 #連絡こない #既読スルー #返信こない #会えない #不安な夜 #別れたいけど別れられない #好きなのに苦しい #心が限界 #冬の夜",#恋愛占い #占い #タロット #タロット占い #インスタリール #恋愛 #30代恋愛 #40代恋愛 #恋愛不安 #自己肯定感 #共依存 #執着 #連絡こない #既読スルー #返信こない #会えない #不安な夜 #別れたいけど別れられない #好きなのに苦しい #心が限界 #冬の夜,動画,https://www.instagram.com/p/DTU6z-AiCnE/,DTU6z-AiCnE,,731,21
競合_lovehealermagic,2026-01-09 19:50,2026-01-09,19:50,金曜日,27,179,,,,"あなたが異性にキュンとくる瞬間には、意外と自分でも気づいていない深層心理があらわれているのかもしれません😌

今回の心理テストでは、直感で選んだ図形から、あなたがときめきを感じやすい相手の言動や、その理由となる性格傾向を読み解いていきます🔮

無意識のうちにときめきを感じる瞬間には、自分の心の癖や、本当の気持ちが隠れていることが多いものです🕊️

異性へのときめき方は人によってまったく違っていて、それぞれに深い意味があります✨

大人になってからは、恋愛のときめきよりも理性や現実が優先されがちですが、その奥にはまだ気づかれていない感情が眠っているのかもしれません😌

あなたが「キュン」とする瞬間を知ることは、今の自分の価値観や人間関係のあり方を見つめ直すきっかけにもなります🍀

ぜひこの診断をきっかけに、あなた自身の深層心理にそっと耳を傾けてみてくださいね🌙

保存しておくのもおすすめの心理テストです🌸

#心理テスト #深層心理 #性格診断 #心の癖 #自己理解 #無意識 #直感 #ときめき #人間関係 #大人の恋愛 #恋のきっかけ #心理学 #30代女性 #40代女性 #甘えたい #強がり女子 #恋のサイン #感情分析 #保存推奨 #2026年 #冬の心理テスト",#心理テスト #深層心理 #性格診断 #心の癖 #自己理解 #無意識 #直感 #ときめき #人間関係 #大人の恋愛 #恋のきっかけ #心理学 #30代女性 #40代女性 #甘えたい #強がり女子 #恋のサイン #感情分析 #保存推奨 #2026年 #冬の心理テスト,動画,https://www.instagram.com/p/DTSYUz0E2Lt/,DTSYUz0E2Lt,,541,21
競合_lovehealermagic,2026-01-08 19:42,2026-01-08,19:42,木曜日,16,77,,,,"好きだから我慢するしかないと、自分に言い聞かせていないか。

曖昧な関係は、安心をくれるようでいて、心を少しずつ削っていく。
連絡が来るかどうかで一日が揺れたり、
相手の一言に振り回されて、仕事や家事や育児の合間にため息が増えたり。

本当はもっと大切にされたい。
名前のある関係で安心したい。
そう思う気持ちを、わがままだと押し込めてこなかったか。

恋愛がつらいとき、多くの人は自分を責めてしまう。
我慢が足りない。
期待しすぎ。
弱いから離れられない。
でも、その苦しさは自己肯定感が下がっているサインかもしれない。

このリールは、答えを決めつけるものではない。
ただ、あなたの中にある小さな違和感に、静かに光を当てるためのもの。
片思いのような不安。
音信不通への恐れ。
恋愛で自分を見失いそうになる夜。

今すぐ何かを変えなくてもいい。
でも、心が限界に近づいたとき、
自分を責め過ぎないためのお守りとして、そっと残しておいてほしい。

もし当てはまった言葉があれば、心の中で認めるだけでいい。
言葉にできそうなときだけ、忘れたくない一文をそっと置いても大丈夫。

#恋愛占い #占い #オラクルカード #インスタリール #スピリチュアル
#30代恋愛 #40代恋愛 #自己肯定感低い #恋愛不安 #共依存 #大人の恋
#曖昧な関係 #連絡こない #片思いしんどい #都合のいい関係 #本命になれない
#心の整理 #夜に考える #自分を大切に",#恋愛占い #占い #オラクルカード #インスタリール #スピリチュアル #30代恋愛 #40代恋愛 #自己肯定感低い #恋愛不安 #共依存 #大人の恋 #曖昧な関係 #連絡こない #片思いしんどい #都合のいい関係 #本命になれない #心の整理 #夜に考える #自分を大切に,動画,https://www.instagram.com/p/DTPyntKjSYK/,DTPyntKjSYK,,627,19
競合_lovehealermagic,2026-01-07 19:33,2026-01-07,19:33,水曜日,22,89,,,,"相手の気持ちを信じたいのに、未来の話になるといつも曖昧にされてしまうのですね。

このままずっと同じ場所にい続けるのかな、と不安が消えない日もあるのだと思います。

何も変わらない時間に慣れたふりをしてきたあなたがいます。

「今が幸せならそれでいい」と、自分に言い聞かせてきたのかもしれません。

でも本当は、進展が見えない関係に少しずつ疲れがたまってきていませんか。

恋愛の話になると急に話題を変える彼に、胸の奥で置き去りになる気持ちがあったのだと思います。

期待しない練習を重ねながら、笑顔で飲み込んできた本音があるのですよね。

そんな毎日の中で、自分ばかりが悩んでいる気がしてしまうこともあったはずです。

ふとした瞬間に、涙が出そうになることがあっても、それは不自然なことではありません。

ここに残す言葉が、あなたの気持ちにそっと寄り添うものになりますように😌

今つらくない日も、ふとした夜に読み返せるように、手元に置いておいてくださいね🕊️

当てはまったところだけでいいので、心の中でそっと認めてあげてください🍀

あなたの気持ちと境界線を大切にしていいのだと、忘れないでいてくださいね⚖️

言葉にできそうなら、覚えておきたい一文だけでも拾っていきましょう🌙

それはきっと、あなたの心を守りながら前に進むための、小さな灯りになります✨

#恋愛占い #占い #タロット #インスタリール #恋愛運 #恋愛タロット
#30代恋愛 #40代恋愛 #自己肯定感低い #共依存 #恋愛不安 #恋愛迷子
#連絡こない #結婚の話できない #進展しない恋 #好きだけじゃ無理な恋 #片思いしんどい #続かない関係
#冬の恋愛 #2026年運勢 #新年の気づき",#恋愛占い #占い #タロット #インスタリール #恋愛運 #恋愛タロット #30代恋愛 #40代恋愛 #自己肯定感低い #共依存 #恋愛不安 #恋愛迷子 #連絡こない #結婚の話できない #進展しない恋 #好きだけじゃ無理な恋 #片思いしんどい #続かない関係 #冬の恋愛 #2026年運勢 #新年の気づき,動画,https://www.instagram.com/p/DTNMyyDCVSZ/,DTNMyyDCVSZ,,737,21
競合_lovehealermagic,2025-12-31 19:51,2025-12-31,19:51,水曜日,33,238,,,,"この画像、あなたには何に見えましたか😌

実はその「見え方」には、あなたの恋愛に対する無意識の価値観や、今の心理状態があらわれているのかもしれません🍀

人は無意識のうちに、自分の内面を外のものに投影しています。

何気ない形や模様の中にも、深層心理が反映されることは珍しくありません🕊️

今回のテストは、見えたイメージによって、あなたが恋愛の中で何を求めているのかを読み解いていきます✨

恋愛がうまくいかないとき、問題は相手だけではなく、自分自身の「心の癖」や「期待のパターン」が関わっていることもあります。

このテストでは、あなたの直感が教えてくれる「本当の気持ち」に、そっと耳を傾けてみましょうね🌙

自分では気づきにくい感情や欲求を、こうした形で知ることで、自己理解が深まり、恋愛だけでなく人間関係全般が少しずつ変わっていくことがあります🍀

深層心理に触れるテストだからこそ、一度きりで終わらせず、時間が経ってからまた見直すのもおすすめです😊

今の自分を知るヒントとして、ぜひ保存しておいてくださいね🌸

#深層心理 #性格診断 #直感テスト #無意識の本音 #自己理解 #人間関係の悩み #恋愛心理 #心の癖 #今の自分 #本当の気持ち #保存推奨 #心理テスト好きと繋がりたい #感情整理 #恋愛に疲れた #自分を大切に #癒し時間 #2025冬 #イメージ診断 #恋愛と自己価値 #心の鏡 #大人の恋愛",#深層心理 #性格診断 #直感テスト #無意識の本音 #自己理解 #人間関係の悩み #恋愛心理 #心の癖 #今の自分 #本当の気持ち #保存推奨 #心理テスト好きと繋がりたい #感情整理 #恋愛に疲れた #自分を大切に #癒し時間 #2025冬 #イメージ診断 #恋愛と自己価値 #心の鏡 #大人の恋愛,動画,https://www.instagram.com/p/DS7NSrRCPVq/,DS7NSrRCPVq,,613,21
競合_lovehealermagic,2025-12-30 19:43,2025-12-30,19:43,火曜日,9,25,,,,"大事にされていない気がして。

でも嫌われるのが怖くて、自分の気持ちを置き去りにしたまま。

今日もまた、連絡を待ってしまっていませんか。

曖昧な関係の中にいると、期待と諦めのあいだで、心が少しずつすり減っていきます。

言いたいことがあるのに言えないまま、笑っている自分がつらくなる日もあります。

恋愛の顔と日常の顔を切り替えながら、いつも無理して、がんばって、傷ついてきたのですね。

本当はもう限界なのに、それでも「大丈夫」って言ってしまう夜があるなら。

一度だけ、立ち止まって、自分の本音を聴いてあげてほしいんです😌

出口が見えないように思えても。

その一歩は、あなたの中にきっともう芽生えています🕊️

今つらくなくても、ふとした夜にまた読み返せるように、ここに残しておいてくださいね🌙

心が限界に近づいたときに、自分を責め過ぎないためのお守りとして、そっと取っておきましょう🍀

当てはまった部分だけでも、心の中でそっと認めてみてください。

もし言葉にできそうなら、忘れたくない一文だけを、あなたのために残してもいいと思います✨

あなたの気持ちをいちばん大切にできるのは、いつだってあなた自身です

🌸#恋愛占い #オラクルカード #占い #リール動画 #インスタリール #スピリチュアル
#30代恋愛 #40代恋愛 #恋愛不安 #共依存 #自己肯定感低い #恋愛疲れた
#連絡こない #曖昧な関係 #都合のいい女 #別れたいけど別れられない #片思いしんどい #本命になれない #返信こない
#年末モヤモヤ #2025冬恋愛 #ひとり反省会",#恋愛占い #オラクルカード #占い #リール動画 #インスタリール #スピリチュアル #30代恋愛 #40代恋愛 #恋愛不安 #共依存 #自己肯定感低い #恋愛疲れた #連絡こない #曖昧な関係 #都合のいい女 #別れたいけど別れられない #片思いしんどい #本命になれない #返信こない #年末モヤモヤ #2025冬恋愛 #ひとり反省会,動画,https://www.instagram.com/p/DS4nlBPAZj9/,DS4nlBPAZj9,,685,22
競合_lovehealermagic,2025-12-29 19:39,2025-12-29,19:39,月曜日,16,47,,,,"他の女性の話をされるたびに、心の奥がひやりと冷たくなっていませんか。

「大丈夫」って笑って聞けるふりをしても。

内側では、比べられているような不安が静かに広がっていくことがあります。

恋愛の中で、嫉妬や不安を感じるのは自然なことです😌

でも、それを感じた自分を「器が小さい」と責めてしまうと。

苦しさだけが、少しずつ増えてしまいやすいんですね。

わかっていても、抑えきれない感情が出てくる日もあります。

それを無理に消そうとするよりも。

「こんなふうに感じてるんだね」と、そっと寄り添ってあげるほうが、心には優しいです🕊️

恋をしているあなたが、どんなに頑張っているか。

笑顔の裏で、どれだけ揺れているか。

ちゃんと届いていますよ🍀

今つらくなくても、ふとした夜にまた読み返せるように、ここに残しておいてくださいね🌙

当てはまった部分だけでも、心の中でそっと認めてみてください。

言葉にできそうなら、覚えておきたい一文だけ拾って残してもいいと思います✨

あなたの気持ちを大切にしながら、少しずつ整えていきましょうね🌸

#恋愛占い #タロット #占い #インスタリール #恋愛 #自分を大切に
#30代恋愛 #40代恋愛 #自己肯定感低い #恋愛不安 #共依存 #女性の悩み
#片思いしんどい #連絡こない #好きなのに苦しい #他の女の話 #比べてしまう #本音が言えない
#12月の恋 #年末の孤独 #冬の恋愛",#恋愛占い #タロット #占い #インスタリール #恋愛 #自分を大切に #30代恋愛 #40代恋愛 #自己肯定感低い #恋愛不安 #共依存 #女性の悩み #片思いしんどい #連絡こない #好きなのに苦しい #他の女の話 #比べてしまう #本音が言えない #12月の恋 #年末の孤独 #冬の恋愛,動画,https://www.instagram.com/p/DS2CSnUEnlm/,DS2CSnUEnlm,,622,21
競合_lovehealermagic,2025-12-28 19:54,2025-12-28,19:54,日曜日,22,134,,,,"この心理テストは、正解を当てるためのものではありません🌙

　

一枚の絵を見たときに、あなたの直感がどこに引っかかったのか。

　

そこに、今の自分がどんな情報との距離感で生きているのかが、静かに表れます😌

　

深層心理は、言葉で考える前に反応します。

　

だからこそ性格診断や心理テストは、無意識の癖や「いまの自分の状態」を知るヒントになるんですよね🍀

　

情報を集めすぎて疲れている人もいれば、あえて距離を取って心を守っている人もいます。

　

どちらが良い悪いではなく、今の自分がどういう選び方をしているのかに気づくことが大切です🕊️

　

このテストでは、直感で選んだ答えから、情報との向き合い方や、人間関係や日常での判断の癖が見えてきます✨

　

自分では当たり前だと思っていた感覚が、実は今の自分を守っていたり、逆に少し無理をさせていたりすることもあります。

　

無意識の反応を知ることは、自己理解を深めることにつながります😊

　

今の自分はどんな状態なのか。

　

本当の気持ちはどこにあるのか。

　

そんな視点で、ゆっくり読み進めてみてくださいね🌸

　

後から見返せるように、保存しておくのもおすすめです🌼

#心理テスト #深層心理 #性格診断 #自己理解
#直感力 #無意識の癖 #人間関係の悩み #心の疲れ
#大人女性 #考えすぎ #情報との距離感 #自分を知る
#今の自分 #本当の気持ち #保存用 #見返したい
#2025年 #気づきの時間",#心理テスト #深層心理 #性格診断 #自己理解 #直感力 #無意識の癖 #人間関係の悩み #心の疲れ #大人女性 #考えすぎ #情報との距離感 #自分を知る #今の自分 #本当の気持ち #保存用 #見返したい #2025年 #気づきの時間,動画,https://www.instagram.com/p/DSzfPzJjnE2/,DSzfPzJjnE2,,653,18
競合_lovehealermagic,2025-12-27 19:47,2025-12-27,19:47,土曜日,8,18,,,,"結婚の話になると、なぜか笑ってごまかされてしまうのですね😌

そのたびに、心の奥が少しずつ冷えていく感覚があるのも、とても自然なことだと思います🍀

恋愛の歩幅がずれているのか。

それとも、結婚という言葉が彼にとって重いのか。

彼の気持ちを疑いたくないと思えば思うほど、自分の本音だけが取り残されていくように感じてしまいますよね🌙

ずっと待ってきた。

彼のタイミングに合わせて、自分の気持ちは後回しにしてきた。

それでも前に進まない現実に、そろそろ心がついていかなくなっているのかもしれません。

わたしだけが焦ってるのかな。

もしそんなふうに自分を責めはじめたら、いったん立ち止まって大丈夫です😌

恋愛も結婚も、あなたが無理をしないでいられることがいちばん大切です🕊️

今つらくなくても、ふとした夜にまた読み返せるように、そっと残しておいてくださいね✨

心が限界に近づいたときに、自分を責めすぎないためのお守りとして、手元に置いておくのも良さそうです🌸

当てはまった部分だけでも、心の中でそっと認めてみてください🍀

もし言葉にできそうな日が来たら、忘れたくない一文だけを、静かに残してもいいですよ💫

あなたの気持ちは、後回しにしなくて大丈夫です😊

#オラクルカード #恋愛占い #インスタリール #占い #恋愛 #リール動画 #30代恋愛 #40代恋愛 #恋愛不安 #共依存 #自己肯定感低い #好きなのに不安 #片思いしんどい #連絡こない #別れたいけど別れられない #結婚したいけど伝えられない #優しい彼に疲れた #進展しない恋 #未来が見えない恋 #クリスマス前に不安 #冬の恋愛",#オラクルカード #恋愛占い #インスタリール #占い #恋愛 #リール動画 #30代恋愛 #40代恋愛 #恋愛不安 #共依存 #自己肯定感低い #好きなのに不安 #片思いしんどい #連絡こない #別れたいけど別れられない #結婚したいけど伝えられない #優しい彼に疲れた #進展しない恋 #未来が見えない恋 #クリスマス前に不安 #冬の恋愛,動画,https://www.instagram.com/p/DSw5pw-jy-u/,DSw5pw-jy-u,,709,21
競合_lovehealermagic,2025-12-26 19:40,2025-12-26,19:40,金曜日,19,71,,,,"相手は優しいはずなのに、なんでこんなに苦しいんだろう。
そんなふうに感じてしまう夜も、ありますよね😌

恋愛なのに、安心より不安の方が多くなってきたとき。
連絡がないたびに、嫌われたかも、と心が揺れる。
会えば笑ってくれるけど、それだけじゃ満たされなくなっている🌙

誰にも言えないけれど、
自分ばかり頑張ってるかも、と感じている瞬間はないでしょうか。
いつも相手の機嫌を優先して、
言いたいことを飲み込む癖がついていないか、そっと振り返ってみてください😌

恋愛不安も自己肯定感も、
すぐに全部解決するのは難しいものです。
だからまずは、つらかった自分を、自分だけでも認めてあげること🍀
その一歩が、苦しさの出口につながっていきます🌈

今すぐ答えが出なくても大丈夫です😌
心が限界に近づいたときに、自分を責め過ぎないためのお守りとして、
この投稿をそっと残しておいてくださいね🕊️

当てはまった部分だけでも、心の中でそっと認めてみて。
言葉にできそうなら、覚えておきたい一文だけ拾って残しても大丈夫です🍀

#恋愛占い #タロット #占い #インスタリール #スピリチュアル #自己肯定感
#30代恋愛 #40代恋愛 #共依存 #恋愛不安 #繊細さん恋愛 #恋愛相談
#連絡こない #都合のいい関係 #片思いしんどい #本命になりたい #愛情表現少ない #優しいのに不安
#12月恋愛 #冬の恋 #年末に見直す関係",#恋愛占い #タロット #占い #インスタリール #スピリチュアル #自己肯定感 #30代恋愛 #40代恋愛 #共依存 #恋愛不安 #繊細さん恋愛 #恋愛相談 #連絡こない #都合のいい関係 #片思いしんどい #本命になりたい #愛情表現少ない #優しいのに不安 #12月恋愛 #冬の恋 #年末に見直す関係,動画,https://www.instagram.com/p/DSuUDpClcrV/,DSuUDpClcrV,,610,21
競合_lovehealermagic,2025-12-24 19:55,2025-12-24,19:55,水曜日,64,491,,,,"普段何気なく手に取るスマホですが、その「持ち方」ひとつで、あなたの深層心理や性格傾向がそっと見えてくることがあります🌙
この心理テストは、無意識のうちに表れやすい心の癖や、今のあなたが抱えている本当の気持ちを、やさしく読み解くためのものです😌

自分では意識していない行動の中にも、直感や無意識のパターンはしっかり隠れているんですよ🍀
スマホの持ち方に迷ったら、最初に浮かんだやり方を選んでみてくださいね✨
そこに、今のあなたらしさや、まだ気づいていなかった一面が映っているかもしれません

結果からは、性格診断としてだけでなく、人間関係や自己理解にも役立つヒントを受け取れます🕊️
日々の忙しさの中で自分と向き合うきっかけとして、迷った日に見返せるよう保存もおすすめです🌈
本当の気持ちに、少しずつ近づいていきましょうね😊

#深層心理 #性格診断 #自己理解 #直感
#無意識 #本当の気持ち #心の癖 #人間関係 #今の自分 #保存推奨 #大人女子 #生き方 #癒し #自己分析
#スマホ診断 #ライフハック #ストレスケア #自分磨き #自分発見 #心理テスト好き #共感 #2025冬",#深層心理 #性格診断 #自己理解 #直感 #無意識 #本当の気持ち #心の癖 #人間関係 #今の自分 #保存推奨 #大人女子 #生き方 #癒し #自己分析 #スマホ診断 #ライフハック #ストレスケア #自分磨き #自分発見 #心理テスト好き #共感 #2025冬,動画,https://www.instagram.com/p/DSpMLnfDM8W/,DSpMLnfDM8W,,497,22
競合_lovehealermagic,2025-12-23 19:49,2025-12-23,19:49,火曜日,40,210,,,,"あいまいのままにしない、と決めたあなたへ🌙
彼が決めない理由は、あなたの価値が足りないからではありません。
負担を想像したとき、人は現状維持に流れやすい…そんな心の動きが出ているのかもしれません😌

出口は、まず「期限」をあなたの中にそっと置くことから🍀
次に、責めない質問で本音を確かめていきましょう。
そして未来形の言葉で、あなたの軸を立てていくのです⚖️

小さな具体が出るなら、前に進めるサイン✨
曖昧が続くなら、あなたの種は…もう芽を出していいタイミングです🌸

保存しておいてくださいね😊
揺れた夜に、何度でも読み返せるように🕊️

#あいまいな関係 #恋愛相談 #恋愛占い #片思い #復縁 #不倫恋愛 #都合のいい女 #本命になりたい #連絡がこない #返信が遅い #彼の気持ち #恋の悩み #自己肯定感 #境界線 #心の整え方 #大人の恋愛 #結婚したい #相手の本音 #恋愛心理 #恋愛迷子 #次の一歩",#あいまいな関係 #恋愛相談 #恋愛占い #片思い #復縁 #不倫恋愛 #都合のいい女 #本命になりたい #連絡がこない #返信が遅い #彼の気持ち #恋の悩み #自己肯定感 #境界線 #心の整え方 #大人の恋愛 #結婚したい #相手の本音 #恋愛心理 #恋愛迷子 #次の一歩,動画,https://www.instagram.com/p/DSmms3BjJHy/,DSmms3BjJHy,,411,21
競合_lovehealermagic,2025-12-22 19:52,2025-12-22,19:52,月曜日,15,59,,,,"新しい恋が近づくほど、なぜか怖くなる夜があります🌙
それは弱さではなく、過去の痛みを二度と繰り返さないための、あなたの賢い防衛なのだと思います😌

不安が強いときほど、脳は欠けた情報を最悪の物語で埋めてしまいがちです
だからこそ今夜は、事実と想像をそっと分けて、心の軸を戻してあげてくださいね🕊️

恋愛不安や自己肯定感の揺れは、忙しい毎日の中で起きやすいものです
仕事や家事や育児で頑張る人ほど、心の余白が減って怖さが増えるのも自然なことですよ🍀

このリールは、恋の始まりで揺れる心を整えるためのメモです✨
保存して、また怖い夜に開いてくださいね🌸

あなたは今、恋が怖いときにどんな言葉を自分にかけていますか😌
よければコメントで教えてください🌈

#恋愛占い #タロット占い #恋愛相談 #片思い #復縁 #結婚 #恋愛不安 #自己肯定感 #距離感 #返信遅い #大人恋愛 #心の整え方 #運命の人 #引き寄せ #女性の悩み #夜に不安 #恋の始まり #境界線 #メンタルケア #セルフケア #恋愛心理",#恋愛占い #タロット占い #恋愛相談 #片思い #復縁 #結婚 #恋愛不安 #自己肯定感 #距離感 #返信遅い #大人恋愛 #心の整え方 #運命の人 #引き寄せ #女性の悩み #夜に不安 #恋の始まり #境界線 #メンタルケア #セルフケア #恋愛心理,動画,https://www.instagram.com/p/DSkCP-ogdAS/,DSkCP-ogdAS,,455,21
競合_lovehealermagic,2025-12-21 19:49,2025-12-21,19:49,日曜日,26,164,,,,"誰もが一度は思い描いたことのある「超能力」ですが、その選択には、実はあなたの深層心理がそっと映し出されています🌙

この心理テストは、今のあなたが無意識のうちにどんな欲求を持っているのか、どんな性格傾向や心の癖があるのかを、やさしく読み解くためのものです😌
選択肢に迷ったときは、頭で考えすぎずに、直感を信じて選んでみてくださいね🍀

意外と、普段は気づいていない「本当の気持ち」や「自己理解」につながるヒントが隠れていることもあります✨
今の自分を見つめ直すことで、人間関係や仕事、家庭のバランス、そして自分自身との向き合い方が、少し楽になることもあります😌

診断結果は、性格傾向や深層心理の知見をもとに、あなたの直感と無意識が「今、求めているもの」をやさしく分析しています🔮
これからの毎日をもっと心地よく過ごすために、迷ったときに見返せるよう保存もおすすめです🌈

気になる方は、よかったらお友だちにもシェアしてみてくださいね😊
今の自分と、まだ知らない自分を、少しずつ理解していきましょう🕊️

#深層心理 #性格診断 #自己理解 #直感
#無意識 #本当の気持ち #心の癖 #人間関係 #今の自分 #保存推奨 #自己発見 #大人女子 #生き方 #人生バランス
#自己分析 #気分転換 #癒し #ストレス解消 #内面磨き #心理テスト好き #共感 #2025冬",#深層心理 #性格診断 #自己理解 #直感 #無意識 #本当の気持ち #心の癖 #人間関係 #今の自分 #保存推奨 #自己発見 #大人女子 #生き方 #人生バランス #自己分析 #気分転換 #癒し #ストレス解消 #内面磨き #心理テスト好き #共感 #2025冬,動画,https://www.instagram.com/p/DShdDuPFZut/,DShdDuPFZut,,585,22
競合_lovehealermagic,2025-12-20 19:59,2025-12-20,19:59,土曜日,31,155,,,,"連絡が減った日から、心がざわついて眠れない夜があるのなら🌙
その沈黙は「終わりの宣告」というより、ふたりの空気を整え直す合図なのかもしれません😌

追いかけたくなる気持ちは、とても自然なものです
でも巻き返しは、連絡の数を増やす前に、あなたの心の器を戻すところから始まります🍀
不安でいっぱいのまま言葉を投げると、相手はその重さを受け取りやすくなってしまうんですね

落ち着いた温度で、近況をそっと置けると、返しやすい道がひらきます🕊️
今日からできるのは、短い連絡と、期待を軽くする間合いを作ること😌
そして、自分の予定と喜びを先に満たしてあげることです🌸

揺れたときに、いつでもここへ戻って呼吸を整えられるように、保存しておくのもおすすめですよ🌈

#恋愛 #恋愛相談 #復縁 #曖昧な関係 #音信不通 #既読スルー #未読スルー #連絡頻度 #彼の気持ち #本命 #片思い #大人の恋愛 #自己肯定感 #不安 #執着 #距離感 #コミュニケーション #恋愛心理 #女性の悩み #恋の悩み #恋愛成就",#恋愛 #恋愛相談 #復縁 #曖昧な関係 #音信不通 #既読スルー #未読スルー #連絡頻度 #彼の気持ち #本命 #片思い #大人の恋愛 #自己肯定感 #不安 #執着 #距離感 #コミュニケーション #恋愛心理 #女性の悩み #恋の悩み #恋愛成就,動画,https://www.instagram.com/p/DSe5anlDiik/,DSe5anlDiik,,453,21
競合_lovehealermagic,2025-12-19 17:51,2025-12-19,17:51,金曜日,15,60,,,,"付き合う前の曖昧さは、期待と不安が同じ速さで膨らみやすいものです🌙
仕事や家事や育児の合間に、ふと「私の価値まで揺れる」ような夜を作ってしまうこともありますよね😌

今回の恋愛占いは、タロット3枚で過去・現在・未来を映しながら、本命サインを「言葉」より「行動」で見分ける視点をお届けします🔮✨
不規則な優しさほど、脳は追いかけやすいものです
だからこそ迷いが強い時ほど、基準を先に決めておくことが近道になります🍀

読んで「当てはまる」と感じたところがあれば、コメントでそっと教えてくださいね😊
気持ちを軽くしたい時は、無料相談で胸の重さをほどきに
答えを決めたい時は、有料鑑定で状況整理から次の一手まで整えていきましょう🕊️

迷った日に何度も見返せる内容なので、保存もおすすめです🌈

#恋愛 #恋愛占い #タロット #片思い #復縁 #結婚 #曖昧な関係 #本命 #連絡頻度 #大人の恋 #自己肯定感 #不安解消 #30代恋愛 #40代恋愛 #仕事と恋 #育児と恋 #距離感 #境界線 #2025恋愛 #年末恋愛 #冬の恋",#恋愛 #恋愛占い #タロット #片思い #復縁 #結婚 #曖昧な関係 #本命 #連絡頻度 #大人の恋 #自己肯定感 #不安解消 #30代恋愛 #40代恋愛 #仕事と恋 #育児と恋 #距離感 #境界線 #2025恋愛 #年末恋愛 #冬の恋,動画,https://www.instagram.com/p/DScGBfZij6e/,DScGBfZij6e,,464,21
競合_lovehealermagic,2025-12-18 19:46,2025-12-18,19:46,木曜日,23,207,,,,"深層心理の小さなサインは、忙しい毎日の中でつい見落とされがちです🌙

この性格診断は、言葉で説明しにくい心の動きを直感で拾いながら、無意識の優先順位をそっと映すためのものなんですよ😌
最近、人間関係で気を使いすぎて、帰宅後にどっと疲れてしまうことがあるのなら、それだけ日々を丁寧にこなしてこられた証でもありますね🍀

家族や仕事に向き合うほど、自分のことは後回しになってしまう
そんな時ほど心の癖は強く出て、いつも同じ場面で同じ反応をしてしまうこともあるかもしれません

でも結果は、あなたを型にはめるためのものではありません
今の自分を客観的に眺めるための「鏡」だと思って受け取ってみてくださいね🕊️

本当の気持ちを守りながら、どこで背負い込みやすいのか
そして、どこで一歩を踏み出せるのか
自己理解が深まっていくほど、選ぶ言葉も距離感も少しずつ楽になっていきます😌

読み終わったら、刺さった一文をメモして、今週は「頼る」を1回だけ試してみるのも良さそうです🌸
断りたい時は短く伝えて、代わりにできることを1つ添える
そんな小さな行動が、心の回復とこれからの選択をそっと助けてくれます✨

もし自分の価値を成果や役割で測りがちなら、休むことに罪悪感が出やすいですよね
でも休むのは甘えではなく、次を選ぶための土台です😌

夜に3分だけ深呼吸して、今日の頑張りを1つ認める
誰にも見せないメモで十分ですよ🌙
小さく整える習慣が続くと、挑戦も守りも「自分の速さ」で選べるようになっていきます🍀

1人で抱え込む前に、信頼できる人に状況だけ共有するのもおすすめです🕊️
できた日だけ丸を付けていくと、変化が目に見えて安心しやすくなります😌

完璧を目指すほど、心は固くなりやすいです
だからこそ、少しだけ手放す練習をしてみてくださいね🌸
また迷った時に見返せるように、保存もおすすめです🌈

#心理テスト #深層心理 #性格診断 #自己理解 #無意識 #人間関係 #心の癖 #30代女性 #40代女性 #仕事と家庭 #自己肯定感 #ストレスケア #リスクテイク #挑戦が怖い #一歩踏み出す #心の疲れ #自分を大切に #保存推奨 #2025冬 #年末リセット",#心理テスト #深層心理 #性格診断 #自己理解 #無意識 #人間関係 #心の癖 #30代女性 #40代女性 #仕事と家庭 #自己肯定感 #ストレスケア #リスクテイク #挑戦が怖い #一歩踏み出す #心の疲れ #自分を大切に #保存推奨 #2025冬 #年末リセット,動画,https://www.instagram.com/p/DSZuYc0ATZW/,DSZuYc0ATZW,,930,20
競合_lovehealermagic,2025-12-16 19:56,2025-12-16,19:56,火曜日,7,54,,,,"胸が苦しいほど惹かれる恋には、ちゃんと理由があります🌙
追いかけてしまう自分を責める前に、心が何を守ろうとしているのかに、そっと気づいてみてくださいね😌

このオラクルカードリーディングは、恋愛で自分を後回しにしてきた30代・40代の女性へ向けたメッセージです🔮
本当の答えは相手の中ではなく、あなたの内側に静かにあります🕊️

もし今の恋に少し疲れているなら、保存して、心が揺れた日に何度でも読み返してください🍀
そのたびに、あなたの呼吸が少し整っていくはずです✨

感じたことや、当てはまった感覚は、コメントで言葉にしてみるのも良さそうです🌸
言葉にすることで気づきが深まり、あなたの心が大切に扱われる方向へ自然と動いていきますよ🌈

#オラクルカード #恋愛 #三十代恋愛 #四十代恋愛 #片思い #叶わない恋 #心が苦しい #女性の悩み #自己肯定感 #依存しない恋 #愛されたい #本音に気づく #心の癖 #癒しのメッセージ #スピリチュアル #リーディング #直感 #内省 #保存推奨 #コメント歓迎",#オラクルカード #恋愛 #三十代恋愛 #四十代恋愛 #片思い #叶わない恋 #心が苦しい #女性の悩み #自己肯定感 #依存しない恋 #愛されたい #本音に気づく #心の癖 #癒しのメッセージ #スピリチュアル #リーディング #直感 #内省 #保存推奨 #コメント歓迎,動画,https://www.instagram.com/p/DSUl8C0DFZJ/,DSUl8C0DFZJ,,456,20
競合_lovehealermagic,2025-12-16 19:51,2025-12-16,19:51,火曜日,21,76,,,,"連絡が減った夜ほど、心はつい最悪の物語を作ってしまいやすいんですよね。
でも、不安は「現実そのもの」ではなく、脳の予測の癖から膨らんでいる部分も大きいのです😌

三枚引きでは、彼の沈黙に潜むサインと、今日あなたが手放すと楽になる癖、そして「ここから始められる一手」を丁寧に読み解いていきます🔮
心の温度を戻す小さな工夫を重ねることで、追いすぎず、手放しすぎない距離感が整っていきますよ🍀

また、タロットに加えて心理学・行動科学の視点も重ねながら、既読無視や返信ペースの謎をできるだけ具体的にほどいていきます🌙
まずは保存して、心が揺れた日に何度でも見返してくださいね😊

短い言い方のテンプレと、送りやすいベストタイミングもお伝えします✨
似た経験や状況があれば、コメント欄で一言教えてください。
あなたの物語に沿う言葉で、迷いの霧を少しずつ薄くしていきます🕊️

#恋愛 #復縁 #片思い #タロット #占い #自己肯定感 #既読無視 #LINE返信 #距離感 #コミュニケーション #恋愛相談 #心の余白 #連絡が減った #彼の本音 #行動科学 #心理学 #脳科学 #アラフォー女性 #保存推奨 #コメント歓迎 #バズりたい",#恋愛 #復縁 #片思い #タロット #占い #自己肯定感 #既読無視 #LINE返信 #距離感 #コミュニケーション #恋愛相談 #心の余白 #連絡が減った #彼の本音 #行動科学 #心理学 #脳科学 #アラフォー女性 #保存推奨 #コメント歓迎 #バズりたい,動画,https://www.instagram.com/p/DSUlSC8EZQ6/,DSUlSC8EZQ6,,515,21
競合_lovehealermagic,2025-12-15 19:55,2025-12-15,19:55,月曜日,17,183,,,,"無人島から海へ流れる一本のボトルメッセージに、あなたはどんな言葉を書きますか😌
この心理テストは、前世から今の自分へと受け継がれている深層心理のテーマを、遊び感覚でひもとく性格診断です✨

日々の生活や人間関係の中で、なぜか同じパターンをくり返してしまう。
頭では分かっているのに、気持ちがついていかない。
そんな心の癖や無意識の選び方には、前世から続く物語の影響が隠れているのかもしれません🌙

この動画では、直感で選んだメッセージから、あなたの本当の気持ちや、前世でやり残した宿題のヒントを読み解いていきます🔮
恋愛だけでなく、仕事、家庭、友人など、大人の人間関係にじわりと効いてくる内容になっています🍀
今の自分のがんばり方や、つい後回しにしてしまう願いに気づくきっかけとしても使えます😊

前世というテーマは少し不思議に感じるかもしれませんが、ここでの結果はあくまで心理テストとして、気軽に楽しみながら自己理解を深めるためのものです😌
当たり過ぎて少しドキッとした部分も、笑い飛ばしながら、自分の心の声をやさしく聞いてあげてくださいね🕊️

動画を見終わったあと、自分の答えや気づきをメモしておくと、後から見返した時に変化が分かりやすくなります🌟
心が揺れた言葉や印象に残ったフレーズは、スクリーンショットやノートに保存しておくのもおすすめです🌸
何度か見直すことで、前世から続くテーマとの付き合い方が、少しずつ楽になっていきます🌈

最後にひとつだけ。
ここまで丁寧に自分の心と向き合おうとしている時点で、あなたには「変えていける力」がもう備わっていますよ😌
今日からできる小さな一歩として、選んだ結果に関係なく「今いちばん守りたいもの」を一行だけ書き留めてみてくださいね🍀
その一行が、あなた自身を大切にする未来につながっていきます🌈

#深層心理テスト #前世診断 #自己理解 #30代女性の悩み #性格診断 #人間関係 #心の癖 #無意識 #今の自分 #本当の気持ち #保存推奨 #前世の宿題 #大人の心理テスト #仕事と家庭 #感情整理 #メッセージボトル #人生の転機2025 #心のメンテナンス春 #夜のひとり時間 #自分を大事にする",#深層心理テスト #前世診断 #自己理解 #30代女性の悩み #性格診断 #人間関係 #心の癖 #無意識 #今の自分 #本当の気持ち #保存推奨 #前世の宿題 #大人の心理テスト #仕事と家庭 #感情整理 #メッセージボトル #人生の転機2025 #心のメンテナンス春 #夜のひとり時間 #自分を大事にする,動画,https://www.instagram.com/p/DSSBBgYAUcn/,DSSBBgYAUcn,,928,20
競合_lovehealermagic,2025-12-14 19:57,2025-12-14,19:57,日曜日,13,59,,,,"都合のいい関係から抜け出したいのに踏み出せないまま夜だけが更けていく。
既読や呼び出し一つに心が振り回されて自分の価値まで下がったように感じてしまう。

本当は大切にされる恋がしたいのに今の関係を失うこわさもあって心が同じ場所をぐるぐる回っているように感じるかもしれません。
そんな揺れの中にいるあなたのための三枚引きです。

自己肯定感がすり減った恋は少しずつ日常のエネルギーまで奪っていきます。
仕事や家事や育児に追われながらあの人の都合まで気にしていたら心が休まる場所がなくなってしまいます。

この投稿ではあなたが都合のいい女から卒業していくための心のパターンと小さな一歩をそっと読み解いていきます。
当てはまると思ったところや今の状況はぜひコメントで教えてください。

何度も見返すほど心に少しずつ変化が積み重なっていくので気になったら保存をして自分だけの心の手帳として使ってください。

#恋愛 #復縁 #片思い #失恋 #恋愛相談 #占い #自己肯定感 #恋愛依存 #大人の恋愛 #都合のいい女 #パートナーシップ #恋愛悩み #三十代女子 #四十代女性 #夜のひとり時間 #心のケア #自分時間 #恋の学び直し #自分磨き #引き寄せ #オラクルカード",#恋愛 #復縁 #片思い #失恋 #恋愛相談 #占い #自己肯定感 #恋愛依存 #大人の恋愛 #都合のいい女 #パートナーシップ #恋愛悩み #三十代女子 #四十代女性 #夜のひとり時間 #心のケア #自分時間 #恋の学び直し #自分磨き #引き寄せ #オラクルカード,動画,https://www.instagram.com/p/DSPcfBSClZc/,DSPcfBSClZc,,534,21
競合_lovehealermagic,2025-12-13 19:48,2025-12-13,19:48,土曜日,25,112,,,,"このリールは、恋愛で傷つき、心が揺れる夜を過ごすあなたに寄り添うために届けています。
日々の仕事や家事、育児のなかで、自分の気持ちを後回しにしていませんか。

答えの見えない恋、忘れられない人、手放せない想い。
そんな複雑な気持ちを、そっと見つめ直せるきっかけがここにあります。

どの一枚も、あなたの選択が未来を変える合図になるはずです。
心に残った言葉や気づきがあれば、ぜひ保存して、何度でも見返してみてください。

感じたことや悩みがあれば、コメントでお聞かせください。
あなたの想いを大切に、そっと背中を押せる存在でありたいと思っています。

#恋愛占い #タロットリーディング #恋の悩み #復縁したい #恋愛相談 #自分磨き #心の癒し #大人の恋愛 #未来を変える #運命の出会い #パートナーシップ #感情整理 #自分を好きになる #前向きになりたい #幸せになりたい #新しい一歩 #変化を恐れない #夜のひととき #大人女子 #恋の分岐点 #自分らしく生きる",#恋愛占い #タロットリーディング #恋の悩み #復縁したい #恋愛相談 #自分磨き #心の癒し #大人の恋愛 #未来を変える #運命の出会い #パートナーシップ #感情整理 #自分を好きになる #前向きになりたい #幸せになりたい #新しい一歩 #変化を恐れない #夜のひととき #大人女子 #恋の分岐点 #自分らしく生きる,動画,https://www.instagram.com/p/DSM2nClj0yd/,DSM2nClj0yd,,439,21
競合_lovehealermagic,2025-12-12 19:54,2025-12-12,19:54,金曜日,18,156,,,,"この心理テストは、公園の小さな出来事からあなたの深層心理をやさしくひもときます。
選んだ答えには、日常では気づきにくい性格診断だけでは測れない心の癖や、本当の気持ちが無意識に現れています。
仕事や家庭、人間関係に忙しい大人世代の方こそ、今の自分がどんな癒やしや休みを求めているのかを知るヒントになります。
診断結果は当たりすぎるくらいリアルなのに、思わず「意外」と感じる部分も多いので、何度もやりたくなる人が続出中です。
自分の直感や選択には、その時々の心の状態やストレスレベルが映し出されています。
今回のテストでは、無意識の思考パターンや人間関係の距離感、自己理解の深さが自然に明らかになります。
大人になると「今の自分」に素直になれず、心の中の本当の気持ちを見失いがちですが、このテストでしか味わえない納得感と発見をぜひ体験してください。
保存しておけば、ふとした時に繰り返し見返したくなること間違いなしです。
自分自身の変化や、その時の気持ちによって毎回違った気づきが得られるので、保存必須です。
深層心理や無意識の本音に触れて、日々の心のメンテナンスとしてぜひご活用ください。
あなたらしい休み方やリセットのヒントが、ここからきっと見つかります。

#心理テスト #深層心理 #性格診断 #保存必須 #自己理解 #心の癒やし #人間関係 #今の自分 #無意識 #心の癖 #大人女子 #休日の過ごし方 #本当の気持ち #2025冬 #心のメンテナンス #繰り返し診断 #公園心理テスト #バズ診断",#心理テスト #深層心理 #性格診断 #保存必須 #自己理解 #心の癒やし #人間関係 #今の自分 #無意識 #心の癖 #大人女子 #休日の過ごし方 #本当の気持ち #2025冬 #心のメンテナンス #繰り返し診断 #公園心理テスト #バズ診断,動画,https://www.instagram.com/p/DSKSd2PEms2/,DSKSd2PEms2,,652,18
競合_lovehealermagic,2025-12-11 19:46,2025-12-11,19:46,木曜日,32,176,,,,"恋愛で自分ばかり追いかけてしまう、その無意識のクセに気づいた瞬間から、心の流れが少しずつ変わり始めます。
毎日を忙しく過ごしていると、自分の気持ちさえ後回しになりがちですが、本当の愛され体質に変わるためには、まず自分の心と向き合うことが何よりも大切です。
この三枚引きのカードリーディングは、そんなあなたのために、心の奥の本音や希望をそっとすくい上げ、これまでとは違う未来へ歩き出す小さなヒントをもたらします。

過去の恋に縛られて苦しくなった時も、今の恋が空回りして自信をなくしそうな時も、何度でもこの動画を見返して、今の自分の心と静かに向き合う時間をつくってみてください。
繰り返しやることで毎回新しい発見があり、同じ悩みを抱える誰かと気持ちを共有できるきっかけにもなります。
コメント欄で感じたことや心の変化を残しておくと、後で見返した時の自分の成長や気づきにもつながります。
今だけでなく、これからも恋愛で迷ったり、自分を見失いそうな時のために、必ず保存しておくことをおすすめします。
あなたの幸せを応援しています。

#恋愛 #恋愛相談 #恋愛占い #オラクルカード #タロット占い #自己肯定感 #片思い #恋愛体質改善 #愛されたい #追いかける恋 #恋愛パターン #女性の悩み #心の癒し #恋愛依存 #恋の悩み #恋愛心理 #恋愛運 #本命彼女 #執着手放し #恋愛バズ #恋愛保存 #心の整理",#恋愛 #恋愛相談 #恋愛占い #オラクルカード #タロット占い #自己肯定感 #片思い #恋愛体質改善 #愛されたい #追いかける恋 #恋愛パターン #女性の悩み #心の癒し #恋愛依存 #恋の悩み #恋愛心理 #恋愛運 #本命彼女 #執着手放し #恋愛バズ #恋愛保存 #心の整理,動画,https://www.instagram.com/p/DSHs0i4D9la/,DSHs0i4D9la,,606,22
競合_lovehealermagic,2025-12-10 21:46,2025-12-10,21:46,水曜日,24,53,,,,"「彼との結婚、なぜか話が進まない」そんな悩みを抱える夜が続くと、心も身体も重たくなります。
本当は、もっと前向きにふたりの未来を考えたいのに、なぜか話題にするだけで空気が張り詰めてしまう。
彼の迷いの正体を知ることができれば、あなたの不安もきっと軽くなるはずです。
このリールは、繰り返し見るたびに新しい発見や気づきをもたらし、何度でも自分のペースで確かめられる工夫を詰めました。
大切な選択だからこそ、焦らず納得できるまで自分の気持ちと向き合ってほしいと思います。
保存しておけば、心が揺れたときにもすぐ見返せる安心感があります。
あなたの感じている不安や、共感したポイントをコメントで伝えてください。
同じ悩みを抱える人たちと、温かなやり取りを重ねながら、少しずつ心がほぐれていく時間になるはずです。
この占いは、あなた自身のペースでじっくり向き合えるもの。
ぜひ保存して何度もやり直してみてください。
迷いや不安が続く夜も、ここでひと息つきながら、あなたらしい一歩を見つけてください。

#恋愛 #結婚したい #結婚迷い #アラサー女子 #アラフォー女子 #婚活 #恋愛相談 #不安解消 #結婚準備 #女性の悩み #大人の恋愛 #タロット占い #恋愛占い #カップルの悩み #心のモヤモヤ #将来設計 #彼の本音 #保存推奨 #何度も見返したい #コメント歓迎 #バズリール #運命の出会い",#恋愛 #結婚したい #結婚迷い #アラサー女子 #アラフォー女子 #婚活 #恋愛相談 #不安解消 #結婚準備 #女性の悩み #大人の恋愛 #タロット占い #恋愛占い #カップルの悩み #心のモヤモヤ #将来設計 #彼の本音 #保存推奨 #何度も見返したい #コメント歓迎 #バズリール #運命の出会い,動画,https://www.instagram.com/p/DSFVsFTjTGD/,DSFVsFTjTGD,,598,22
競合_lovehealermagic,2025-12-09 19:56,2025-12-09,19:56,火曜日,22,175,,,,"恋人が本当に自分のことを好きなのかふと不安になる夜はありませんか。

この動画では夕暮れのイラストを使った深層心理テストとして恋人からの贈り物をテーマにした性格診断をお届けします。

直感で選んだ答えから恋愛だけでなく仕事や家庭とのバランスにも影響する無意識のパターンや自己理解のヒントを読み解いていきます。

恋人への不満があるわけではないけれどなぜか満たされない気持ちや私さえ我慢すればいいという思いが強い人ほど心の癖が分かりやすく出る内容かもしれませんね。

今の自分がどんな愛され方を求めているのか本当の気持ちを言葉にするのが苦手な人でも選ぶだけで気づきが得られるようにストーリー仕立てで解説しています。

人間関係で同じパターンを繰り返してしまう人や自分の感情より相手を優先しがちな大人の女性にこそ届いてほしい心理テストです。

結果の読み返しや気づきのメモに使えるので気になった方はこの動画を保存推奨です。

落ち着いて見返したいときや心が少し疲れたときにもそっと開いて今の自分の本当の気持ちを確かめる時間にしてみてくださいね。

#深層心理テスト #自己理解 #恋人との関係 #大人女子の悩み #性格診断 #心の癖 #人間関係の疲れ #恋愛不安 #今の自分を知る #本当の気持ち #保存推奨 #自分を大切にする #三十代女性 #四十代女性 #日常のモヤモヤ #恋愛と仕事の両立 #春の心理テスト2025 #夜時間の過ごし方 #感情整理タイム",#深層心理テスト #自己理解 #恋人との関係 #大人女子の悩み #性格診断 #心の癖 #人間関係の疲れ #恋愛不安 #今の自分を知る #本当の気持ち #保存推奨 #自分を大切にする #三十代女性 #四十代女性 #日常のモヤモヤ #恋愛と仕事の両立 #春の心理テスト2025 #夜時間の過ごし方 #感情整理タイム,動画,https://www.instagram.com/p/DSCkXuhkkia/,DSCkXuhkkia,,627,19
競合_lovehealermagic,2025-12-08 19:51,2025-12-08,19:51,月曜日,31,158,,,,"迷いが増える日は心の優先順位が静かに入れ替わっています。
三枚引きの短い儀式で今日の自分を取り戻しましょう。
仕事 家事 育児 恋愛の間で揺れる心にやさしく効くガイドです。
行動科学と心理学の知見をそっと織り込み実行しやすい一歩に落とし込みます。
視聴後はやることが一つに絞れ気持ちのノイズが薄れます。
保存して必要な朝夜に何度でも見返してください。
コメントに今の気分や気づきを一言残すと宣言効果で継続が楽になります。
いいねや共有で同じ悩みを抱える友だちにも光が届きます。
無料相談でふっと軽くなりたい方もどうぞ。
本気で整えたい時は有料鑑定で明日の段取りまで一緒に描きます。

#オラクルカード #占い #恋愛 #仕事 #自己肯定感 #メンタルケア #三枚引き #恋愛運 #仕事運 #行動科学 #心理学 #脳科学 #朝習慣 #境界線 #直感 #引き寄せ #自分時間 #心のケア #2025開運 #年末リセット #今日のメッセージ",#オラクルカード #占い #恋愛 #仕事 #自己肯定感 #メンタルケア #三枚引き #恋愛運 #仕事運 #行動科学 #心理学 #脳科学 #朝習慣 #境界線 #直感 #引き寄せ #自分時間 #心のケア #2025開運 #年末リセット #今日のメッセージ,動画,https://www.instagram.com/p/DR_-7lkAQk8/,DR_-7lkAQk8,,417,21
競合_lovehealermagic,2025-12-07 19:47,2025-12-07,19:47,日曜日,27,94,,,,"結婚のタイミングが見えない夜に。
「私の選択は正しいのか」と胸がざわつくあなたへ。
三枚から選ぶだけで、心の奥の優先順位と合う未来の速度が浮かび上がります。
視聴完了で、決め手となる一文があなたの中に残ります。
自己肯定感が揺らぐ瞬間こそ、選択の軸を見直す好機です。

心理学と行動科学の視点で構成し、曖昧さを事実に変える小さな確認ポイントまで言語化。
忙しい日々でも現実に落とせる手順で、安心と尊重を両立させます。
保存して必要なときに見返してください。
感じたことや今の状況をコメントで聞かせてください。
金銭観や家族観のすり合わせ、住まいの仮置きなど現実ベースでチェック。
不安を軽くしたいときは気軽な相談で心を整えましょう。
腹を決めたいときは個別鑑定で時期と交渉の言葉まで明確に。

#恋愛 #結婚 #占い #タロット #婚活 #自己肯定感 #結婚のタイミング #30代女性 #40代女性 #パートナーシップ #心理学 #行動科学 #入籍準備 #同棲準備 #価値観すり合わせ #プロポーズ前 #心の整理 #恋の不安 #夜活 #朝活 #リール動画",#恋愛 #結婚 #占い #タロット #婚活 #自己肯定感 #結婚のタイミング #30代女性 #40代女性 #パートナーシップ #心理学 #行動科学 #入籍準備 #同棲準備 #価値観すり合わせ #プロポーズ前 #心の整理 #恋の不安 #夜活 #朝活 #リール動画,動画,https://www.instagram.com/p/DR9Zv9mkyou/,DR9Zv9mkyou,,477,21
競合_lovehealermagic,2025-12-06 19:56,2025-12-06,19:56,土曜日,24,227,,,,"気づかないうちに人に頼りすぎているかもしれないし、逆に全部一人で抱え込んでしまっているかもしれません。

この深層心理テストは、たった一つの不思議な図形を見て直感で答えるだけで、あなたの他力本願度と心の癖、人間関係で取りがちなポジションをそっと映し出してくれます。

今の自分はどれくらい人に甘えていい状態なのか、本当の気持ちを抑えて頑張りすぎていないか、無意識のパターンが数字で分かるので、性格診断が好きな人はもちろん、日々なんとなく生きづらさを感じている大人の女性にもぴったりです。

一度やって終わりではなく、その時の心の状態によって結果が変わることもあるので、少し気持ちが揺れた時にもう一度やると、新しい発見があって面白いはずです。

繰り返し何度もやりたくなること間違いなし。

自分では気づきにくい無意識のクセを優しく言語化してくれるので、自己理解を深めたい人や、恋愛や仕事で同じ失敗を繰り返してしまう人にもおすすめです。

見終わったあとに、友だちやパートナーと結果を見せ合えば、お互いの頼り方や距離感について話せる良いきっかけにもなります。

気になる時にすぐ見返せるように、保存必須です。

少し気持ちが落ちた日や、人間関係に疲れた日に、何度でも戻ってきて今の自分と本当の気持ちを確かめる小さなお守りみたいに使ってみてください。

#心理テスト #深層心理 #性格診断 #他力本願 #他力本願度 #直感テスト #無意識 #自己理解 #人間関係 #心の癖 #今の自分 #本当の気持ち #大人女子 #30代女性 #働く女性 #人生の悩み #メンタルケア #保存推奨 #何度でも見返したい #図形テスト",#心理テスト #深層心理 #性格診断 #他力本願 #他力本願度 #直感テスト #無意識 #自己理解 #人間関係 #心の癖 #今の自分 #本当の気持ち #大人女子 #30代女性 #働く女性 #人生の悩み #メンタルケア #保存推奨 #何度でも見返したい #図形テスト,動画,https://www.instagram.com/p/DR61_T2iNus/,DR61_T2iNus,,707,20
競合_lovehealermagic,2025-12-05 19:50,2025-12-05,19:50,金曜日,33,174,,,,"ふと夜中に目が覚めてこのままでいいのかと胸がきゅっとするあの感覚はきっとあなただけのものではありません。

周りからはしっかりしているねと言われていても心の奥ではこの選択で本当に良かったのかもっと別の生き方があったのではないかと静かな問いが何度もくり返されているはずです。

今回のリールはそんな揺れる気持ちを否定せず今のあなたがどんな地点に立っていてこれからどんな流れに乗っていけるのかをそっと映し出すように丁寧に組み立てています。

一度見るだけでも今の自分の状態にハッとする瞬間があるはずですが繰り返し何度も見返すことで毎回違う気づきが生まれていきます。

その日の気分や状況によって心に響く言葉が変わるので自分の変化を確かめるための小さな心の習慣として何度もやりたくなること間違いなしです。

今すぐ答えを出せなくても大丈夫です。

ぼんやりした不安の正体に少しずつ輪郭が出てくるだけで人は驚くほど前を向けるようになります。

このリールはそんな心の変化の始まりを後押しするための小さな灯のような存在としてつくっています。

一度きりで流してしまうにはもったいない内容なので今の自分にしっくりくる言葉が一つでもあったなら迷わず保存しておいてください。

数日後や少し落ち込んだ夜に見返すとまるで未来の自分からのメッセージのように感じられるかもしれません。

気がついたときにそっと開いて確かめたくなるあなただけの心のガイドとして使ってもらえたらうれしいです。

保存必須です。

#オラクルカード #今のままでいいのか #人生に迷ったら #夜の不安 #生き方を見直す #自分らしく生きたい #恋愛の悩み #仕事と人生 #心のモヤモヤ #答えが見つからない #30代女性の悩み #40代女性の生き方 #自己肯定感アップ #内省タイム #本音と向き合う #スピリチュアル好きさんとつながりたい #リールで気づき #保存推奨リール #バズりたい人とつながりたい #おすすめにのりたい #見返したくなる動画",#オラクルカード #今のままでいいのか #人生に迷ったら #夜の不安 #生き方を見直す #自分らしく生きたい #恋愛の悩み #仕事と人生 #心のモヤモヤ #答えが見つからない #30代女性の悩み #40代女性の生き方 #自己肯定感アップ #内省タイム #本音と向き合う #スピリチュアル好きさんとつながりたい #リールで気づき #保存推奨リール #バズりたい人とつながりたい #おすすめにのりたい #見返したくなる動画,動画,https://www.instagram.com/p/DR4QggDDSCR/,DR4QggDDSCR,,853,21
競合_lovehealermagic,2025-12-04 19:44,2025-12-04,19:44,木曜日,12,86,,,,"諦めかけた夢がある人ほど、心にしみる占い時間です。

年齢や現実を理由に夢をそっと棚に上げてきた人も、本当はまだどこかで諦めきれていないのではないでしょうか。

この動画では、きれいごとだけではなく、挫折や迷いも含めた等身大の気持ちにそっと光を当てていきます。

ただ結果を聞くだけでなく、なぜ今の気持ちになったのか、これから何を選んでいけば楽になるのかを、自分ごととして考えられるつくりになっています。

見終わったあと、少しでも肩の力が抜けたり、自分を責める気持ちがほどけたりしたら、それは心が次の一歩を望んでいるサインかもしれません。

一度きりではなく、気持ちが揺れた時に何度も見返すほど、新しい気づきが生まれるはずです。

繰り返し何度もやりたくなること間違いなし。

保存必須です。

もし胸の中に言葉にならないもやもやが残ったら、コメントで今の気持ちをそっと教えてください。

無料の恋愛相談で気軽に話すだけでも心が軽くなる方は多いですし、もっと深く自分の本音や未来と向き合いたくなった時には、有料の鑑定でじっくり整理することで、諦めかけていた夢や恋に対しても、自分らしい選択肢がはっきり見えてくるはずです。

#タロット占い #恋愛相談 #人生の転機 #夢を諦めない #大人女子 #三十代女性 #四十代女性 #心の整理 #自己肯定感 #恋の悩み #復活愛 #片思い #人生相談 #本音と向き合う #自分探し #無料恋愛相談受付中 #有料鑑定 #運命の出会い #悩み解決したい #保存推奨 #コメント歓迎",#タロット占い #恋愛相談 #人生の転機 #夢を諦めない #大人女子 #三十代女性 #四十代女性 #心の整理 #自己肯定感 #恋の悩み #復活愛 #片思い #人生相談 #本音と向き合う #自分探し #無料恋愛相談受付中 #有料鑑定 #運命の出会い #悩み解決したい #保存推奨 #コメント歓迎,動画,https://www.instagram.com/p/DR1rBoBlEtn/,DR1rBoBlEtn,,659,21
競合_lovehealermagic,2025-12-03 19:52,2025-12-03,19:52,水曜日,35,260,,,,"仕事が嫌いなわけじゃないのに、ふと全部投げ出したくなる瞬間がある。

そんな今の自分の本当の気持ちと向き合えるのが、この深層心理テストです。

直感でパッと選ぶだけで、あなたがどんなときに仕事から逃げたくなるのか、無意識の心の癖や人間関係のストレス、頑張り過ぎてしまう性格診断の結果がじわっと浮かび上がります。

今はまだ踏ん張る時期なのか、それとも働き方を見直すサインなのか。

自分では気づきにくいラインが見えてくると、ただ疲れているのか、限界が近いのかも分かりやすくなります。

一度やって終わりではなく、そのときどきの心の状態で答えが変わるから、少し気持ちが揺れたときに繰り返し何度もやりたくなること間違いなしです。

仕事だけでなく、恋愛や家族との関わり方にも通じる、今の自分と本当の気持ちをそっと教えてくれる内容になっているので、落ち込んだ夜や通勤中のスキマ時間にこっそり試してみてください。

後から見返すことで、自分の変化にも気づけるはずなので、保存必須です。

深層心理からの小さなサインを見逃さないように、未来の自分のためのメモとしてぜひ残しておいてください。

#心理テスト #深層心理 #性格診断 #メンタルヘルス #仕事の悩み #働く女性 #人間関係の悩み #自己理解 #心の癖 #無意識 #今の自分 #本当の気持ち #仕事ストレス #会社辞めたい人 #保存推奨 #直感テスト #図形心理テスト #仕事から逃げたいとき #大人の心理テスト #職場ストレスケア #心が疲れたら #自分を大切にしたい #キャリアの悩み",#心理テスト #深層心理 #性格診断 #メンタルヘルス #仕事の悩み #働く女性 #人間関係の悩み #自己理解 #心の癖 #無意識 #今の自分 #本当の気持ち #仕事ストレス #会社辞めたい人 #保存推奨 #直感テスト #図形心理テスト #仕事から逃げたいとき #大人の心理テスト #職場ストレスケア #心が疲れたら #自分を大切にしたい #キャリアの悩み,動画,https://www.instagram.com/p/DRzHJoGlc8K/,DRzHJoGlc8K,,670,23
競合_lovehealermagic,2025-12-02 19:57,2025-12-02,19:57,火曜日,40,208,,,,"あの時の決断を思い出すたびに胸の奥が少しきゅっとしてしまう人へ。

過去の選択を責め続けるのではなくそこに隠れていた本当の願いとやさしさをすくい上げることで今から進む未来のルートは静かに書き変わっていきます。

このリールはそんな繊細な心の揺れにそっと寄り添いながら自分を責める視点から自分を大切にする視点へと少しずつピントを合わせ直すための小さなガイドとして生まれました。

恋愛の別れや選ばなかったご縁あの時言えなかったひと言思い出すと苦しくなる場面ほど本当はあなたの中の愛し方の癖や幸せの優先順位がくっきりと映し出されています。

そのサインをていねいに読み解いていくことで今後どんな人を選ぶと安心できるのかどこまで歩み寄ると自分をすり減らさずに済むのかが少しずつ分かってきます。

今回のリーディングは一度見て終わりではなく心がゆらいだときに何度も見返すことで新しい気付きが積み重なっていく内容になっています。

繰り返し何度もやりたくなること間違いなし。

その時々の自分の状態によって響く言葉が変わっていくので小さな心の成長も感じやすくなるはずです。

迷ったときの心のお守りとして保存しておけば過去の自分を責めそうになった瞬間にもそっと視点を戻してくれるはずです。

保存必須です。

少し先の未来で今日の自分を振り返ったとききっとこのタイミングでゆっくり向き合おうとしたことが自分を好きになるきっかけだったと感じられるような時間になりますように。

#オラクルカード #オラクルカードリーディング #タロットではない占い #恋愛相談 #無料恋愛相談受付中 #有料鑑定 #恋愛の悩み #過去の決断 #人生の分かれ道 #自己肯定感アップ #心の傷の癒やし #インナーチャイルド #アラフォー女性の悩み #大人の恋愛 #復縁したい #パートナーシップ #スピリチュアル好きな人と繋がりたい #潜在意識の書き換え #引き寄せの法則 #保存必須 #何度も見返したい",#オラクルカード #オラクルカードリーディング #タロットではない占い #恋愛相談 #無料恋愛相談受付中 #有料鑑定 #恋愛の悩み #過去の決断 #人生の分かれ道 #自己肯定感アップ #心の傷の癒やし #インナーチャイルド #アラフォー女性の悩み #大人の恋愛 #復縁したい #パートナーシップ #スピリチュアル好きな人と繋がりたい #潜在意識の書き換え #引き寄せの法則 #保存必須 #何度も見返したい,動画,https://www.instagram.com/p/DRwi7V1Dlrc/,DRwi7V1Dlrc,,835,21
競合_lovehealermagic,2025-12-01 19:47,2025-12-01,19:47,月曜日,19,103,,,,"優しさがときどき苦しくなる恋をしているあなたへ。

相手を責めたくないからこそ自分ばかり我慢してしまって、誰にも言えないまま心の中だけがどんより重くなっていませんか。

この動画ではタロットを通して、今のあなたの恋がなぜこんなにしんどく感じるのか、その背景とこれから軽くなっていくためのヒントを丁寧に言葉にしています。

一度見ただけでは気づけなかった本音も、何度か繰り返し見るうちに別の角度から深く刺さるメッセージとして響いてくるはずです。

今はまだ決断する勇気がなくても大丈夫なので、まずは自分の気持ちを整理するための鏡として使ってみてください。

特に夜ひとりで考え込みがちな方や、同じパターンの恋を繰り返してきたと感じる方ほど、新しい気づきが生まれやすい内容になっています。

繰り返し何度もやりたくなること間違いなしなので、あとで見返せるようにこの投稿は必ず保存しておいてください。

見終わった後、今の気持ちや一番刺さった言葉をコメントで教えてもらえると、次の配信や占いの参考にもなり、あなた自身の心の整理にもつながっていきます。

無料の恋愛相談でただ話すだけでも心がふっと軽くなる方が多いので、誰にも言えない本音があるときは気軽に扉を叩いてみてください。

もっと具体的にどう動けばいいのか、今の相手との未来や新しい出会いの可能性まで深く知りたいときは、有料鑑定でじっくり向き合うことで霧が晴れるように進む道が見えてきます。

この恋を通して自分を責めるのではなく、自分を大切にする感覚を取り戻すきっかけとして活用してもらえたらうれしいです。

#タロット #タロット占い #恋愛タロット #恋愛占い #恋の悩み #大人の恋愛 #片思い女子 #報われない恋 #恋愛相談 #無料相談 #有料鑑定 #運命の相手 #自己肯定感 #アラサー女子 #アラフォー女子 #心のデトックス #恋愛依存克服 #自分を大切に #今日の占い #保存推奨 #何度も見てほしい",#タロット #タロット占い #恋愛タロット #恋愛占い #恋の悩み #大人の恋愛 #片思い女子 #報われない恋 #恋愛相談 #無料相談 #有料鑑定 #運命の相手 #自己肯定感 #アラサー女子 #アラフォー女子 #心のデトックス #恋愛依存克服 #自分を大切に #今日の占い #保存推奨 #何度も見てほしい,動画,https://www.instagram.com/p/DRt87m4DCj2/,DRt87m4DCj2,,834,21
競合_lovehealermagic,2025-11-30 19:56,2025-11-30,19:56,日曜日,29,209,,,,"一枚の不思議なイラストを見て「これって何に見えるんだろう」と直感で答えるだけで、周りからどう見られているか、あなたの仕事デキる人度がまるっと浮き彫りになる深層心理テストです。

仕事も家事も人間関係も、気づけば全部抱え込んでしまう大人世代の心の癖や、職場での立ち位置、評価されやすいポイントまで、あなたの無意識がしっかり映し出されています。

見ているのは同じ一枚の絵なのに、人によって解釈が全く違うのは、これまでの経験や自己肯定感、責任感の強さなどが無意識に反応しているからなんです。

このテストでは、その無意識の選択から「頼られるリーダータイプなのか」「安心感で選ばれる裏方タイプなのか」「個性が光るクリエイタータイプなのか」「縁の下で支えるサポータータイプなのか」を丁寧に読み解いていきます。

当たりすぎてちょっとドキッとするかもしれませんが、決して誰かをジャッジするためのテストではなく、今の自分の頑張り方を優しく見つめ直すための時間だと思ってください。

一度やって終わりではなく、その日の気分や環境が変わると選ぶものが変わることもあるので、繰り返し何度もやりたくなること間違いなしです。

落ち込んだ日や、仕事でモヤモヤした日にもう一度やってみると、自分の変化や成長にも気づけて、小さな自己理解の記録にもなります。

結果を読み返すだけで「私、思っていたよりちゃんとやっているかもしれない」と少し心が軽くなるはずなので、後から見返せるように保存必須です。

自分では当たり前だと思っている働き方が、実は周囲から見たらすごく価値のあるものだったりします。

このテストをきっかけに、今の自分の本当の気持ちや、これからどんな働き方や人間関係を大事にしたいのか、ゆっくり考える時間をとってみてください。

#心理テスト #深層心理 #仕事診断 #性格診断 #働く女性 #30代女子 #キャリア迷子 #職場ストレス #自己理解 #心の癖 #今の自分 #本当の気持ち #仕事デキる人 #ビジネス女子 #会社員あるある #人間関係の悩み #メンタルケア2025 #保存必須 #繰り返し診断 #直感テスト",#心理テスト #深層心理 #仕事診断 #性格診断 #働く女性 #30代女子 #キャリア迷子 #職場ストレス #自己理解 #心の癖 #今の自分 #本当の気持ち #仕事デキる人 #ビジネス女子 #会社員あるある #人間関係の悩み #メンタルケア2025 #保存必須 #繰り返し診断 #直感テスト,動画,https://www.instagram.com/p/DRrZL_OE7Vp/,DRrZL_OE7Vp,,903,20
競合_lovehealermagic,2025-11-29 19:52,2025-11-29,19:52,土曜日,64,293,,,,"距離があって諦めかけた恋が静かに動き出すとき、心の中では小さな変化がもう始まっています。

遠くにいる相手の一言や既読の表示に振り回されて苦しくなった経験がある方ほど、この動画のメッセージは深く響きやすいはずです。

ただ結果を知るだけではなく、なぜ今の状況になっているのか、その裏側に隠れているあなたの本音や優しさまで一緒にすくい上げていきます。

見終わったあと、少し胸のあたりがゆるんで、自分を責める気持ちが和らいだなら、それは心の流れが変わり始めているサインです。

一度見るだけでも気づきはありますが、本当の変化は気になったタイミングで何度も見返すことで、少しずつ心に染み込むように起きていきます。

その日ごとの気持ちや状況によって、同じ内容の中からも違う言葉が刺さってきます。

繰り返し何度もやりたくなること間違いなし。

保存必須です。

直感で選んだ結果は、今のあなたの無意識の声を映す鏡のようなものなので、自分でも気づいていなかった恋のパターンや心の癖に気づけるかもしれません。

あとでじっくり自分と向き合いたくなったときにすぐ開けるように、今のうちにそっと保存しておくのがおすすめです。

コメントであなたの状況や感じたことをシェアしてもらえると、同じ悩みを抱えた誰かの救いにもつながります。

共感した方はいいねやフォローでそっと応援していただけると、また次の恋の物語もお届けしやすくなります。

#恋愛 #恋愛占い #恋の悩み #距離恋愛 #音信不通 #復縁したい #片思い女子 #大人恋愛 #恋愛不安 #恋愛成就祈願 #恋愛心理 #自己肯定感アップ #心の癒し #恋の引き寄せ #恋の逆転劇 #距離があるふたり #静かな奇跡 #恋愛鑑定 #オラクルカード #共感したら保存 #バズりたい",#恋愛 #恋愛占い #恋の悩み #距離恋愛 #音信不通 #復縁したい #片思い女子 #大人恋愛 #恋愛不安 #恋愛成就祈願 #恋愛心理 #自己肯定感アップ #心の癒し #恋の引き寄せ #恋の逆転劇 #距離があるふたり #静かな奇跡 #恋愛鑑定 #オラクルカード #共感したら保存 #バズりたい,動画,https://www.instagram.com/p/DRoz70VDE96/,DRoz70VDE96,,759,21
競合_lovehealermagic,2025-11-28 19:37,2025-11-28,19:37,金曜日,22,88,,,,"この動画ではタロットカードを三枚並べて直感で一枚を選ぶことであなたが今の恋で見逃しているサインを静かに浮かび上がらせます。

日常に追われながらもふと胸がざわつく瞬間や相手の一言に過敏に反応してしまう自分がいてどう扱えばいいのか分からなくなることは誰にでもあります。

そんな揺らぎを優しく言語化してくれるのが今回のリーディングです。

見るたびに違う気づきが生まれるのでその日の気分や相手との距離感が変わったタイミングで何度も引き直してみてください。

繰り返し何度もやりたくなること間違いなし。

保存必須です。

今はまだぼんやりとした不安やもやもやでも言葉にしてみるとそこから進むための小さな一歩が自然と見えてきます。

軽く気持ちを吐き出したいだけの時には無料の恋愛相談を気休めのおしゃべり感覚で使っていただいて大丈夫ですしもっと深く相手の本音や未来の流れ自分が取るべき具体的な行動まで整理したい時には有料鑑定で一つ一つ丁寧に読み解いていきます。

コメント欄ではあなたが選んだカードや今の恋の状況を一言だけでも残してもらえるとエネルギーの流れがよりはっきりしてきます。

気になった時にすぐ見返せるように今のうちに保存してあなたの心のコンディションチェックとして何度でも活用してください。

#タロット占い #恋愛占い #恋のサイン #片思い #復縁相談 #大人の恋愛 #30代女性 #40代女性 #恋愛の悩み #当たる占い #オンライン占い #カードリーディング #潜在意識 #自己肯定感 #恋愛心理学 #相手の気持ち #恋愛相談受付中 #無料恋愛相談 #有料鑑定 #保存推奨 #何度も見返したい",#タロット占い #恋愛占い #恋のサイン #片思い #復縁相談 #大人の恋愛 #30代女性 #40代女性 #恋愛の悩み #当たる占い #オンライン占い #カードリーディング #潜在意識 #自己肯定感 #恋愛心理学 #相手の気持ち #恋愛相談受付中 #無料恋愛相談 #有料鑑定 #保存推奨 #何度も見返したい,動画,https://www.instagram.com/p/DRmNeJek8Wj/,DRmNeJek8Wj,,705,21
競合_lovehealermagic,2025-11-27 19:53,2025-11-27,19:53,木曜日,58,440,,,,"毎日ちゃんと働いているはずなのにやる気が続かない理由が分からないそんなモヤモヤを抱えたまま走り続けていませんか。

この心理テストでは子どもの宿題につける花丸を選ぶだけであなたの仕事のモチベーションの源と無意識に抱えているストレスの正体が読み解かれます。

30代、40代になると責任も役割も増えて気づけば自分の心よりやるべきことを優先しがちです。

その結果本当は何にやる気が湧いて何に心がしぼんでいるのか自分でも分からなくなってしまうことが多いんですよね。

この診断は深層心理や心の癖をていねいに読み解きながら今の自分がどんなパターンで疲れやすいのかどんなかたちならもう一度前向きになれるのかをやさしく言語化してくれます。

読み進めるうちに当たり過ぎて少しドキッとする人もいるかもしれませんがそこからが自己理解と変化のスタートです。

仕事だけでなく人間関係や本当の気持ちにもじわじわと気づきが広がっていくはずです。

繰り返し何度もやりたくなること間違いなしなので気持ちが揺らいだときのために保存必須です。

時間がたつと結果の感じ方が変わるので数週間後や数か月後にやり直して今の自分との違いを比べてみるのもおすすめです。

自分でも見えていなかった無意識の本音にそっと光を当ててこれからの働き方や生き方を整えるきっかけにしてみてください。

あとで見返せるように今のうちにしっかり保存しておくと未来の自分へのメッセージにもなります。

#深層心理 #性格診断 #花丸心理テスト #仕事のモチベーション #無意識 #自己理解 #人間関係 #心の癖 #今の自分 #本当の気持ち #働く女性 #アラサー女子 #アラフォー女子 #キャリアの悩み #大人の心理テスト #保存必須 #繰り返し診断 #自分と向き合う時間",#深層心理 #性格診断 #花丸心理テスト #仕事のモチベーション #無意識 #自己理解 #人間関係 #心の癖 #今の自分 #本当の気持ち #働く女性 #アラサー女子 #アラフォー女子 #キャリアの悩み #大人の心理テスト #保存必須 #繰り返し診断 #自分と向き合う時間,動画,https://www.instagram.com/p/DRjqfa2Dh9K/,DRjqfa2Dh9K,,759,18
